type,name,login_uri,login_username,login_password,login_totp,notes,tags,favorite,archived,Support email,Recovery codes
login,Northstar Mail,https://mail.northstar.example,alex@morgan.example,Demo-Only!Cedar-01-Orbit,otpauth://totp/Northstar:alex?secret=JBSWY3DPEHPK3PXP&issuer=Northstar,Personal inbox and calendar. Fictional screenshot account; not a real credential.,"Personal,Email",true,false,support@mail.northstar.example,"DEMO-4821-7390
DEMO-6153-2804"
login,Juniper Studio,https://studio.juniper.example,alex@morgan.example,Demo-Only!Cedar-02-Orbit,,Design workspace for the Juniper team. Fictional screenshot account; not a real credential.,"Work,Design",true,false,support@studio.juniper.example,
login,Harbor Bank,https://harborbank.example,alex.morgan,Demo-Only!Cedar-03-Orbit,,Everyday checking and household savings. Fictional screenshot account; not a real credential.,"Personal,Finance",true,false,support@harborbank.example,
login,Forge Code,https://forge.example,amorgan,Demo-Only!Cedar-04-Orbit,,Source repositories and code reviews. Fictional screenshot account; not a real credential.,"Work,Development",true,false,support@forge.example,
login,Nimbus Cloud,https://console.nimbus.example,alex@juniper.example,Demo-Only!Cedar-05-Orbit,,Development infrastructure dashboard. Fictional screenshot account; not a real credential.,"Work,Infrastructure",false,false,support@console.nimbus.example,
login,Cedar & Co.,https://cedar.example,alex@morgan.example,Demo-Only!Cedar-06-Orbit,,Home goods and order tracking. Fictional screenshot account; not a real credential.,"Personal,Shopping",false,false,support@cedar.example,
login,Trailhead Travel,https://trailhead.example,alex@morgan.example,Demo-Only!Cedar-07-Orbit,,Trip planning and reservations. Fictional screenshot account; not a real credential.,"Personal,Travel",false,false,support@trailhead.example,
login,Soundwell,https://soundwell.example,alex.morgan,Demo-Only!Cedar-08-Orbit,,Music library and playlists. Fictional screenshot account; not a real credential.,"Personal,Entertainment",false,false,support@soundwell.example,
login,Lumen Photos,https://lumen.example,alex@morgan.example,Demo-Only!Cedar-09-Orbit,,Photo library and shared albums. Fictional screenshot account; not a real credential.,"Personal,Photography",false,false,support@lumen.example,
login,Orbit Fitness,https://orbit.example,alex@morgan.example,Demo-Only!Cedar-10-Orbit,,Classes and training schedule. Fictional screenshot account; not a real credential.,"Personal,Health",false,false,support@orbit.example,
login,Maple House Wi-Fi,https://router.maple.example,admin,Demo-Only!Cedar-11-Orbit,,Home network administration. Fictional screenshot account; not a real credential.,"Home,Network",false,false,support@router.maple.example,
login,Paperplane Newsletter,https://paperplane.example,alex@juniper.example,Demo-Only!Cedar-12-Orbit,,Studio newsletter and subscriber dashboard. Fictional screenshot account; not a real credential.,"Work,Marketing",false,false,support@paperplane.example,
login,Copper Invoices,https://copper.example,alex@juniper.example,Demo-Only!Cedar-13-Orbit,,Client invoices and expense tracking. Fictional screenshot account; not a real credential.,"Work,Finance",false,false,support@copper.example,
login,Fieldnotes,https://fieldnotes.example,alex.morgan,Demo-Only!Cedar-14-Orbit,,"Notes, reading lists, and weekend projects. Fictional screenshot account; not a real credential.","Personal,Productivity",false,false,support@fieldnotes.example,
login,Atlas Learning,https://atlas.example,alex@morgan.example,Demo-Only!Cedar-15-Orbit,,Courses and saved lessons. Fictional screenshot account; not a real credential.,"Personal,Learning",false,false,support@atlas.example,
login,Juniper Staging,https://staging.juniper.example,demo.editor,Demo-Only!Cedar-16-Orbit,,Staging environment for client previews. Fictional screenshot account; not a real credential.,"Work,Development",false,false,support@staging.juniper.example,
login,Old Workshop,https://workshop.example,alex.morgan,Demo-Only!Cedar-17-Orbit,,Retired collaboration workspace. Fictional screenshot account; not a real credential.,"Work,Archive",false,true,support@workshop.example,
login,Weekend Cinema,https://cinema.example,alex@morgan.example,Demo-Only!Cedar-18-Orbit,,Watchlist and film rentals. Fictional screenshot account; not a real credential.,"Personal,Entertainment",false,false,support@cinema.example,
login,Maple House — Guest Wi-Fi,,,Demo-Only!Maple-Guest-28,,Network: Maple House Guest,"Home,Network",,,,
note,House Sitter Instructions,,,,,"Feed Juniper each morning.
Water plants Wednesday.
Fictional screenshot instructions.","Home,Personal",,,,
